<?xml version="1.0" encoding="UTF-8"?>
<issues format="6" by="lint 7.1.2" type="baseline" client="gradle" dependencies="false" name="AGP (7.1.2)" variant="all" version="7.1.2">

    <issue
        id="MissingConstraints"
        message="This view is not constrained. It only has designtime positions, so it will jump to (0,0) at runtime unless you add the constraints"
        errorLine1="    &lt;Button"
        errorLine2="     ~~~~~~">
        <location
            file="src/main/res/layout/list_item_news_add.xml"
            line="8"
            column="6"/>
    </issue>

    <issue
        id="MissingConstraints"
        message="This view is not constrained. It only has designtime positions, so it will jump to (0,0) at runtime unless you add the constraints"
        errorLine1="    &lt;Button"
        errorLine2="     ~~~~~~">
        <location
            file="src/main/res/layout/list_item_news_add.xml"
            line="16"
            column="6"/>
    </issue>

    <issue
        id="MissingConstraints"
        message="This view is not constrained. It only has designtime positions, so it will jump to (0,0) at runtime unless you add the constraints"
        errorLine1="    &lt;Button"
        errorLine2="     ~~~~~~">
        <location
            file="src/main/res/layout/list_item_news_add.xml"
            line="24"
            column="6"/>
    </issue>

    <issue
        id="GradleDependency"
        message="A newer version of com.github.bumptech.glide:glide than 4.12.0 is available: 4.13.0"
        errorLine1="    implementation &apos;com.github.bumptech.glide:glide:4.12.0&apos;"
        errorLine2="                   ~~~~~~~~~~~~~~~~~~~~~~~~~~~~~~~~~~~~~~~~">
        <location
            file="build.gradle"
            line="59"
            column="20"/>
    </issue>

    <issue
        id="GradleDependency"
        message="A newer version of androidx.lifecycle:lifecycle-viewmodel-ktx than 2.5.0-alpha05 is available: 2.5.0-beta01"
        errorLine1="    implementation &quot;androidx.lifecycle:lifecycle-viewmodel-ktx:$lifecycle_version&quot;"
        errorLine2="                   ~~~~~~~~~~~~~~~~~~~~~~~~~~~~~~~~~~~~~~~~~~~~~~~~~~~~~~~~~~~~~~~">
        <location
            file="build.gradle"
            line="62"
            column="20"/>
    </issue>

    <issue
        id="GradleDependency"
        message="A newer version of androidx.lifecycle:lifecycle-viewmodel-compose than 2.5.0-alpha05 is available: 2.5.0-beta01"
        errorLine1="    implementation &quot;androidx.lifecycle:lifecycle-viewmodel-compose:$lifecycle_version&quot;"
        errorLine2="                   ~~~~~~~~~~~~~~~~~~~~~~~~~~~~~~~~~~~~~~~~~~~~~~~~~~~~~~~~~~~~~~~~~~~">
        <location
            file="build.gradle"
            line="64"
            column="20"/>
    </issue>

    <issue
        id="GradleDependency"
        message="A newer version of androidx.lifecycle:lifecycle-livedata-ktx than 2.5.0-alpha05 is available: 2.5.0-beta01"
        errorLine1="    implementation &quot;androidx.lifecycle:lifecycle-livedata-ktx:$lifecycle_version&quot;"
        errorLine2="                   ~~~~~~~~~~~~~~~~~~~~~~~~~~~~~~~~~~~~~~~~~~~~~~~~~~~~~~~~~~~~~~">
        <location
            file="build.gradle"
            line="66"
            column="20"/>
    </issue>

    <issue
        id="GradleDependency"
        message="A newer version of org.jetbrains.kotlinx:kotlinx-coroutines-android than 1.3.9 is available: 1.6.0"
        errorLine1="    implementation &apos;org.jetbrains.kotlinx:kotlinx-coroutines-android:1.3.9&apos;"
        errorLine2="                   ~~~~~~~~~~~~~~~~~~~~~~~~~~~~~~~~~~~~~~~~~~~~~~~~~~~~~~~~">
        <location
            file="build.gradle"
            line="72"
            column="20"/>
    </issue>

    <issue
        id="GradleDependency"
        message="A newer version of com.google.dagger:hilt-compiler than 2.38.1 is available: 2.41"
        errorLine1="    kapt &quot;com.google.dagger:hilt-compiler:2.38.1&quot;"
        errorLine2="         ~~~~~~~~~~~~~~~~~~~~~~~~~~~~~~~~~~~~~~~~">
        <location
            file="build.gradle"
            line="80"
            column="10"/>
    </issue>

    <issue
        id="GradleDependency"
        message="A newer version of androidx.navigation:navigation-fragment-ktx than 2.4.1 is available: 2.4.2"
        errorLine1="    implementation &quot;androidx.navigation:navigation-fragment-ktx:$nav_version&quot;"
        errorLine2="                   ~~~~~~~~~~~~~~~~~~~~~~~~~~~~~~~~~~~~~~~~~~~~~~~~~~~~~~~~~~">
        <location
            file="build.gradle"
            line="82"
            column="20"/>
    </issue>

    <issue
        id="GradleDependency"
        message="A newer version of androidx.navigation:navigation-ui-ktx than 2.4.1 is available: 2.4.2"
        errorLine1="    implementation &quot;androidx.navigation:navigation-ui-ktx:$nav_version&quot;"
        errorLine2="                   ~~~~~~~~~~~~~~~~~~~~~~~~~~~~~~~~~~~~~~~~~~~~~~~~~~~~">
        <location
            file="build.gradle"
            line="83"
            column="20"/>
    </issue>

    <issue
        id="InefficientWeight"
        message="Use a `layout_height` of `0dp` instead of `wrap_content` for better performance"
        errorLine1="                android:layout_height=&quot;wrap_content&quot;"
        errorLine2="                ~~~~~~~~~~~~~~~~~~~~~~~~~~~~~~~~~~~~">
        <location
            file="src/main/res/layout/news_list_item.xml"
            line="47"
            column="17"/>
    </issue>

    <issue
        id="NestedWeights"
        message="Nested weights are bad for performance"
        errorLine1="                android:layout_weight=&quot;3&quot;"
        errorLine2="                ~~~~~~~~~~~~~~~~~~~~~~~~~">
        <location
            file="src/main/res/layout/news_list_item.xml"
            line="52"
            column="17"/>
    </issue>

    <issue
        id="Overdraw"
        message="Possible overdraw: Root element paints background `@color/layout_background` with a theme that also paints a background (inferred theme is `@style/Theme.NewsAppHilt`)"
        errorLine1="    android:background=&quot;@color/layout_background&quot;"
        errorLine2="    ~~~~~~~~~~~~~~~~~~~~~~~~~~~~~~~~~~~~~~~~~~~~~">
        <location
            file="src/main/res/layout/fragment_top_headlines.xml"
            line="6"
            column="5"/>
    </issue>

    <issue
        id="UnusedResources"
        message="The resource `R.layout.list_item_news_add` appears to be unused"
        errorLine1="&lt;androidx.constraintlayout.widget.ConstraintLayout xmlns:android=&quot;http://schemas.android.com/apk/res/android&quot;"
        errorLine2="^">
        <location
            file="src/main/res/layout/list_item_news_add.xml"
            line="2"
            column="1"/>
    </issue>

    <issue
        id="UnusedResources"
        message="The resource `R.string.hello_blank_fragment` appears to be unused"
        errorLine1="    &lt;string name=&quot;hello_blank_fragment&quot;>Hello blank fragment&lt;/string>"
        errorLine2="            ~~~~~~~~~~~~~~~~~~~~~~~~~~~">
        <location
            file="src/main/res/values/strings.xml"
            line="4"
            column="13"/>
    </issue>

    <issue
        id="ContentDescription"
        message="Missing `contentDescription` attribute on image"
        errorLine1="        &lt;ImageView"
        errorLine2="         ~~~~~~~~~">
        <location
            file="src/main/res/layout/news_list_item.xml"
            line="30"
            column="10"/>
    </issue>

    <issue
        id="HardcodedText"
        message="Hardcoded string &quot;Top Headlines&quot;, should use `@string` resource"
        errorLine1="        android:title=&quot;Top Headlines&quot; />"
        errorLine2="        ~~~~~~~~~~~~~~~~~~~~~~~~~~~~~">
        <location
            file="src/main/res/menu/bottom_menu.xml"
            line="8"
            column="9"/>
    </issue>

    <issue
        id="HardcodedText"
        message="Hardcoded string &quot;Saved News&quot;, should use `@string` resource"
        errorLine1="        android:title=&quot;Saved News&quot; />"
        errorLine2="        ~~~~~~~~~~~~~~~~~~~~~~~~~~">
        <location
            file="src/main/res/menu/bottom_menu.xml"
            line="12"
            column="9"/>
    </issue>

    <issue
        id="HardcodedText"
        message="Hardcoded string &quot;Saved Headline fragment&quot;, should use `@string` resource"
        errorLine1="        android:text=&quot;Saved Headline fragment&quot; />"
        errorLine2="        ~~~~~~~~~~~~~~~~~~~~~~~~~~~~~~~~~~~~~~">
        <location
            file="src/main/res/layout/fragment_saved_news.xml"
            line="11"
            column="9"/>
    </issue>

    <issue
        id="HardcodedText"
        message="Hardcoded string &quot;Button&quot;, should use `@string` resource"
        errorLine1="        android:text=&quot;Button&quot;"
        errorLine2="        ~~~~~~~~~~~~~~~~~~~~~">
        <location
            file="src/main/res/layout/list_item_news_add.xml"
            line="12"
            column="9"/>
    </issue>

    <issue
        id="HardcodedText"
        message="Hardcoded string &quot;Button&quot;, should use `@string` resource"
        errorLine1="        android:text=&quot;Button&quot;"
        errorLine2="        ~~~~~~~~~~~~~~~~~~~~~">
        <location
            file="src/main/res/layout/list_item_news_add.xml"
            line="20"
            column="9"/>
    </issue>

    <issue
        id="HardcodedText"
        message="Hardcoded string &quot;Button&quot;, should use `@string` resource"
        errorLine1="        android:text=&quot;Button&quot;"
        errorLine2="        ~~~~~~~~~~~~~~~~~~~~~">
        <location
            file="src/main/res/layout/list_item_news_add.xml"
            line="28"
            column="9"/>
    </issue>

    <issue
        id="HardcodedText"
        message="Hardcoded string &quot;DESCRIPTION&quot;, should use `@string` resource"
        errorLine1="                android:text=&quot;DESCRIPTION&quot;"
        errorLine2="                ~~~~~~~~~~~~~~~~~~~~~~~~~~">
        <location
            file="src/main/res/layout/news_list_item.xml"
            line="49"
            column="17"/>
    </issue>

</issues>
